{
    "entrenamiento": {
        "LogRegresion_precision_entrenamiento": 0.8051720238960169,
        "LogRegresion_recall_entrenamiento": 0.8082191780821918,
        "LogRegresion_f1_entrenamiento": 0.7990450318803645,
        "XGBoost_precision_entrenamiento": 0.8729785700041418,
        "XGBoost_recall_entrenamiento": 0.863013698630137,
        "XGBoost_f1_entrenamiento": 0.8585941968989914
    },
    "validacion": {
        "LogRegresion_precision_validacion": 0.7144264949142999,
        "LogRegresion_recall_validacion": 0.7619047619047619,
        "LogRegresion_f1_validacion": 0.7347898732338092,
        "XGBoost_precision_validacion": 0.7125220458553791,
        "XGBoost_recall_validacion": 0.746031746031746,
        "XGBoost_f1_validacion": 0.7165532879818594
    },
    "prueba": {
        "LogRegresion_precision_prueba": 0.708994708994709,
        "LogRegresion_recall_prueba": 0.746031746031746,
        "LogRegresion_f1_prueba": 0.7215007215007215,
        "XGBoost_precision_prueba": 0.6520657704868231,
        "XGBoost_recall_prueba": 0.6984126984126984,
        "XGBoost_f1_prueba": 0.6663489259897856
    }
}