{
    "entrenamiento": {
        "LogRegresion_precision_entrenamiento": 0.7688024740373077,
        "LogRegresion_recall_entrenamiento": 0.7123287671232876,
        "LogRegresion_f1_entrenamiento": 0.7280812387221389,
        "XGBoost_precision_entrenamiento": 0.9086659906382132,
        "XGBoost_recall_entrenamiento": 0.9041095890410958,
        "XGBoost_f1_entrenamiento": 0.9028747155946227
    },
    "validacion": {
        "LogRegresion_precision_validacion": 0.7267573696145125,
        "LogRegresion_recall_validacion": 0.6507936507936508,
        "LogRegresion_f1_validacion": 0.67993487993488,
        "XGBoost_precision_validacion": 0.6328320802005012,
        "XGBoost_recall_validacion": 0.6666666666666666,
        "XGBoost_f1_validacion": 0.649054142204827
    },
    "prueba": {
        "LogRegresion_precision_prueba": 0.7258064516129031,
        "LogRegresion_recall_prueba": 0.6825396825396826,
        "LogRegresion_f1_prueba": 0.7012987012987014,
        "XGBoost_precision_prueba": 0.6968130921619293,
        "XGBoost_recall_prueba": 0.7142857142857143,
        "XGBoost_f1_prueba": 0.6955636955636956
    }
}