{
    "entrenamiento": {
        "LogRegresion_precision_entrenamiento": 0.7829426398280038,
        "LogRegresion_recall_entrenamiento": 0.7294520547945206,
        "LogRegresion_f1_entrenamiento": 0.7436244138088519,
        "XGBoost_precision_entrenamiento": 0.9391266838753146,
        "XGBoost_recall_entrenamiento": 0.934931506849315,
        "XGBoost_f1_entrenamiento": 0.9341437204979508
    },
    "validacion": {
        "LogRegresion_precision_validacion": 0.7264038231780168,
        "LogRegresion_recall_validacion": 0.6507936507936508,
        "LogRegresion_f1_validacion": 0.6796536796536796,
        "XGBoost_precision_validacion": 0.6798340548340548,
        "XGBoost_recall_validacion": 0.7142857142857143,
        "XGBoost_f1_validacion": 0.6946399815965033
    },
    "prueba": {
        "LogRegresion_precision_prueba": 0.7099334357398872,
        "LogRegresion_recall_prueba": 0.6666666666666666,
        "LogRegresion_f1_prueba": 0.6854256854256855,
        "XGBoost_precision_prueba": 0.6415651531930603,
        "XGBoost_recall_prueba": 0.6666666666666666,
        "XGBoost_f1_prueba": 0.6450375021803594
    }
}