{
    "entrenamiento": {
        "XGBoost_precision_entrenamiento": 0.9965963526346752,
        "XGBoost_recall_entrenamiento": 0.9965753424657534,
        "XGBoost_f1_entrenamiento": 0.9965730008195762
    },
    "validacion": {
        "XGBoost_precision_validacion": 0.6860744297719088,
        "XGBoost_recall_validacion": 0.7142857142857143,
        "XGBoost_f1_validacion": 0.698518872431916
    },
    "prueba": {
        "XGBoost_precision_prueba": 0.6476954418130889,
        "XGBoost_recall_prueba": 0.6666666666666666,
        "XGBoost_f1_prueba": 0.6449374439494848
    }
}