{
    "entrenamiento": {
        "LogRegresion_precision_entrenamiento": 0.7844013211643285,
        "LogRegresion_recall_entrenamiento": 0.7123287671232876,
        "LogRegresion_f1_entrenamiento": 0.7334449588690057,
        "XGBoost_precision_entrenamiento": 0.9341003233894117,
        "XGBoost_recall_entrenamiento": 0.9315068493150684,
        "XGBoost_f1_entrenamiento": 0.9310255034404393
    },
    "validacion": {
        "LogRegresion_precision_validacion": 0.7033327920027427,
        "LogRegresion_recall_validacion": 0.6190476190476191,
        "LogRegresion_f1_validacion": 0.6508520074696544,
        "XGBoost_precision_validacion": 0.6657509157509157,
        "XGBoost_recall_validacion": 0.6984126984126984,
        "XGBoost_f1_validacion": 0.6815828303152247
    },
    "prueba": {
        "LogRegresion_precision_prueba": 0.7716978458049887,
        "LogRegresion_recall_prueba": 0.7142857142857143,
        "LogRegresion_f1_prueba": 0.7368012544984827,
        "XGBoost_precision_prueba": 0.6968130921619293,
        "XGBoost_recall_prueba": 0.7142857142857143,
        "XGBoost_f1_prueba": 0.6955636955636956
    }
}