{
    "entrenamiento": {
        "LogRegresion_precision_entrenamiento": 0.8015317240280666,
        "LogRegresion_recall_entrenamiento": 0.8047945205479452,
        "LogRegresion_f1_entrenamiento": 0.795819911979517,
        "XGBoost_precision_entrenamiento": 0.9215022990707923,
        "XGBoost_recall_entrenamiento": 0.9178082191780822,
        "XGBoost_f1_entrenamiento": 0.9166849237012666
    },
    "validacion": {
        "LogRegresion_precision_validacion": 0.7144264949142999,
        "LogRegresion_recall_validacion": 0.7619047619047619,
        "LogRegresion_f1_validacion": 0.7347898732338092,
        "XGBoost_precision_validacion": 0.6794680394680396,
        "XGBoost_recall_validacion": 0.7142857142857143,
        "XGBoost_f1_validacion": 0.6964330705827304
    },
    "prueba": {
        "LogRegresion_precision_prueba": 0.684742158426369,
        "LogRegresion_recall_prueba": 0.7301587301587301,
        "LogRegresion_f1_prueba": 0.698132338991921,
        "XGBoost_precision_prueba": 0.6775271512113618,
        "XGBoost_recall_prueba": 0.6984126984126984,
        "XGBoost_f1_prueba": 0.6809624484043089
    }
}