{
    "entrenamiento": {
        "LogRegresion_precision_entrenamiento": 0.8015317240280666,
        "LogRegresion_recall_entrenamiento": 0.8047945205479452,
        "LogRegresion_f1_entrenamiento": 0.795819911979517,
        "XGBoost_precision_entrenamiento": 0.9965963526346752,
        "XGBoost_recall_entrenamiento": 0.9965753424657534,
        "XGBoost_f1_entrenamiento": 0.9965730008195762
    },
    "validacion": {
        "LogRegresion_precision_validacion": 0.7144264949142999,
        "LogRegresion_recall_validacion": 0.7619047619047619,
        "LogRegresion_f1_validacion": 0.7347898732338092,
        "XGBoost_precision_validacion": 0.6860744297719088,
        "XGBoost_recall_validacion": 0.7142857142857143,
        "XGBoost_f1_validacion": 0.698518872431916
    },
    "prueba": {
        "LogRegresion_precision_prueba": 0.684742158426369,
        "LogRegresion_recall_prueba": 0.7301587301587301,
        "LogRegresion_f1_prueba": 0.698132338991921,
        "XGBoost_precision_prueba": 0.6476954418130889,
        "XGBoost_recall_prueba": 0.6666666666666666,
        "XGBoost_f1_prueba": 0.6449374439494848
    }
}